<?xml version="1.0" encoding="UTF-8"?>

<!DOCTYPE mapper
        PUBLIC "-//mybatis.org//DTD Mapper 3.0//EN"
        "http://mybatis.org/dtd/mybatis-3-mapper.dtd">

<mapper namespace="com.abnamro.gpa.restservices.gpaagreement.dao.GPAAgreementMybatisMapper">


    <select id="isAuthorizedConsumerForAdmin" resultType="Integer">
        SELECT COUNT(OPERATION_NAME)
        FROM DBO.ADMINISTRATION_CONSUMER_AUTHORIZATION


        WHERE CONSUMER_ID = #{consumerId}
          AND ADMINISTRATION_ID = #{adminId}
          AND OPERATION_NAME = #{operation}
          AND VERSION = #{version}
          AND <![CDATA[CURRENT_TIMESTAMP >= AUTH_START_DATE ]]>
	    AND <![CDATA[CURRENT_TIMESTAMP <= AUTH_END_DATE
        ]]>

    </select>

    <update id="updateLastDateUsedForAdmin">
        UPDATE
            DBO.ADMINISTRATION_CONSUMER_AUTHORIZATION


        SET AUTH_LAST_USED_DATE = CURRENT_TIMESTAMP
        WHERE CONSUMER_ID = #{consumerId}
          AND OPERATION_NAME = #{operation}
          AND VERSION = #{version}
    </update>

    <select id="isAuthorizedConsumerForProduct" resultType="Integer">
        SELECT COUNT(OPERATION_NAME)
        FROM DBO.ADMINISTRATION_CONSUMER_AUTHORIZATION A
                 LEFT JOIN DBO.PRODUCT_ADMINISTRATION_MAPPING B
                           ON A.ADMINISTRATION_ID = B.ADMINISTRATION_ID


        WHERE A.CONSUMER_ID = #{consumerId}
          AND B.PRODUCT_ID = #{productId}
          AND A.OPERATION_NAME = #{operation}
          AND A.VERSION = #{version}
          AND <![CDATA[CURRENT_TIMESTAMP >= A.AUTH_START_DATE ]]>
	    AND <![CDATA[CURRENT_TIMESTAMP <= A.AUTH_END_DATE
        ]]>

    </select>

    <update id="updateLastDateUsedForProduct">
        UPDATE
            DBO.ADMINISTRATION_CONSUMER_AUTHORIZATION


        SET AUTH_LAST_USED_DATE = CURRENT_TIMESTAMP
        WHERE CONSUMER_ID = #{consumerId}
          AND OPERATION_NAME = #{operation}
          AND VERSION = #{version}
          AND ADMINISTRATION_ID IN (
            SELECT ADMINISTRATION_ID
            FROM DBO.PRODUCT_ADMINISTRATION_MAPPING

            WHERE PRODUCT_ID = #{productId}
        )

    </update>


</mapper>
