<?xml version="1.0" encoding="UTF-8"?>

<!DOCTYPE mapper
  PUBLIC "-//mybatis.org//DTD Mapper 3.0//EN"
  "http://mybatis.org/dtd/mybatis-3-mapper.dtd">

<mapper namespace="com.abnamro.gpa.generic.administrationdao.dao.GPAAdministrationDAOMybatisMapper">

  <resultMap id="searchAdminResult"
    type="com.abnamro.gpa.generic.administrationdao.dtos.AdministrationView">
    <result column="ADMINISTRATION_ID" property="id"/>
    <result column="ADMINISTRATION_NAME" property="name"/>
    <result column="DATA_OWNER_OAR_ID" property="oarId"/>
    <result column="ADMINISTRATION_DESCRIPTION" property="description"/>
    <result column="CREATED_BY" property="createdBy"/>
    <result column="CREATED_TS" property="createdTimeStamp" jdbcType="TIMESTAMP"/>
    <result column="UPDATED_BY" property="modifiedBy"/>
    <result column="UPDATED_TS" property="modifiedTimeStamp" jdbcType="TIMESTAMP"/>
  </resultMap>

  <resultMap id="ReadAdminResult"
    type="com.abnamro.gpa.generic.administrationdao.dtos.AdministrationView">
    <result column="ADMINISTRATION_ID" property="id"/>
    <result column="ADMINISTRATION_NAME" property="name"/>
    <result column="DATA_OWNER_OAR_ID" property="oarId"/>
    <result column="ADMINISTRATION_DESCRIPTION" property="description"/>
    <result column="CREATED_BY" property="createdBy"/>
    <result column="CREATED_TS" property="createdTimeStamp" jdbcType="TIMESTAMP"/>
    <result column="UPDATED_BY" property="modifiedBy"/>
    <result column="UPDATED_TS" property="modifiedTimeStamp" jdbcType="TIMESTAMP"/>
    <collection property="adminTermViews"
      javaType="ArrayList" ofType="com.abnamro.gpa.generic.administrationdao.dtos.AdminTermView"
      resultMap="resultAdminTermView"/>
    <collection property="ProductAdminMapViews"
      javaType="ArrayList"
      ofType="com.abnamro.gpa.generic.administrationdao.dtos.ProductAdminMapView"
      resultMap="resultProductAdminView"/>
  </resultMap>

  <resultMap id="resultAdminTermView"
    type="com.abnamro.gpa.generic.administrationdao.dtos.AdminTermView">
    <result column="TERM_ID" property="termId"/>
    <result column="TERM_NAME" property="name"/>
    <result column="TERM_DATA_TYPE" property="dataType"/>
    <result column="TERM_DEFINATION" property="description"/>
    <result column="MANDATORY" property="mandatoryIndicator"/>
    <result column="ADMTERM_CREATED_BY" property="createdBy"/>
    <result column="ADMTERM_CREATED_TS" property="createdTimeStamp" jdbcType="TIMESTAMP"/>
    <result column="ADMTERM_UPDATED_BY" property="modifiedBy"/>
    <result column="ADMTERM_UPDATED_TS" property="modifiedTimeStamp" jdbcType="TIMESTAMP"/>
    <collection property="facetView"
      javaType="ArrayList" ofType="com.abnamro.gpa.generic.administrationdao.dtos.FacetView"
      resultMap="resultAdminTermFacetView"/>
  </resultMap>

  <resultMap id="resultAdminTermFacetView"
    type="com.abnamro.gpa.generic.administrationdao.dtos.FacetView">
    <result column="FACET_TYPE" property="type"/>
    <result column="FACET_VALUE" property="value"/>
    <result column="ADMTERMFCT_CREATED_BY" property="createdBy"/>
    <result column="ADMTERMFCT_CREATED_TS" property="createdTimeStamp" jdbcType="TIMESTAMP"/>
    <result column="ADMTERMFCT_UPDATED_BY" property="modifiedBy"/>
    <result column="ADMTERMFCT_UPDATED_TS" property="modifiedTimeStamp" jdbcType="TIMESTAMP"/>
  </resultMap>

  <resultMap id="resultProductAdminView"
    type="com.abnamro.gpa.generic.administrationdao.dtos.ProductAdminMapView">
    <result column="PRODUCT_ID" property="productId"/>
    <result column="ADMPROD_CREATED_BY" property="createdBy"/>
    <result column="ADMPROD_CREATED_TS" property="createdTimeStamp" jdbcType="TIMESTAMP"/>
    <result column="ADMPROD_UPDATED_BY" property="modifiedBy"/>
    <result column="ADMPROD_UPDATED_TS" property="modifiedTimeStamp" jdbcType="TIMESTAMP"/>
  </resultMap>


  <select id="searchAdministration" resultMap="searchAdminResult">
    SELECT
    ADMINISTRATION_ID,
    ADMINISTRATION_NAME,
    DATA_OWNER_OAR_ID,
    ADMINISTRATION_DESCRIPTION,
    CREATED_BY,
    CREATED_TS,
    UPDATED_BY,
    UPDATED_TS
    FROM dbo.ADMINISTRATION A
    <trim prefix="WHERE" prefixOverrides="AND | OR | AND&#x9; | OR&#x9;">
      <if
        test='searchCriteriaView.administrationId !=null and searchCriteriaView.administrationId >0 '>
        AND A.ADMINISTRATION_ID = #{searchCriteriaView.administrationId,jdbcType=INTEGER}
      </if>
      <if
        test='searchCriteriaView.administrationName !=null and searchCriteriaView.administrationName !="" '>
        AND lower(A.ADMINISTRATION_NAME) LIKE '%'|| #{searchCriteriaView.administrationName} ||'%'
        ESCAPE '/'
      </if>
      <if test='searchCriteriaView.oarId !=null and searchCriteriaView.oarId !="" '>
        AND lower(A.DATA_OWNER_OAR_ID) LIKE '%'|| #{searchCriteriaView.oarId} ||'%' ESCAPE '/'
      </if>
      <if test='searchCriteriaView.createdBy !=null and searchCriteriaView.createdBy!="" '>
        AND lower(A.CREATED_BY) = #{searchCriteriaView.createdBy}
      </if>
      <if test='searchCriteriaView.createdTimestampFrom!=null '>
        <![CDATA[AND A.CREATED_TS >= #{searchCriteriaView.createdTimestampFrom} ]]>
      </if>
      <if test='searchCriteriaView.createdTimestampTo!=null '>
        <![CDATA[AND A.CREATED_TS <= #{searchCriteriaView.createdTimestampTo} ]]>
      </if>

    </trim>
  </select>


  <insert id="insertAdministration">
    INSERT INTO dbo.ADMINISTRATION
    (ADMINISTRATION_ID,
     ADMINISTRATION_NAME,
     DATA_OWNER_OAR_ID,
     ADMINISTRATION_DESCRIPTION,
     CREATED_BY,
     CREATED_TS)
    VALUES (#{administrationView.id},
            #{administrationView.name,jdbcType=VARCHAR},
            #{administrationView.oarId,jdbcType=CHAR},
            #{administrationView.description,jdbcType=VARCHAR},
            #{administrationView.createdBy,jdbcType=VARCHAR},
            CURRENT_TIMESTAMP)
  </insert>

  <insert id="insertProductAdminMapping">
    INSERT INTO dbo.PRODUCT_ADMINISTRATION_MAPPING
    (ADMINISTRATION_ID,
     PRODUCT_ID,
     CREATED_BY,
     CREATED_TS)
    VALUES (#{administrationId},
            #{productAdminView.productId},
            #{productAdminView.createdBy,jdbcType=VARCHAR},
            CURRENT_TIMESTAMP)
  </insert>

  <insert id="insertTermAdminMapping">
    INSERT INTO dbo.ADMINISTRATION_TERMS
    (ADMINISTRATION_ID,
     TERM_ID,
     MANDATORY,
     CREATED_BY,
     CREATED_TS)
    VALUES (#{administrationId},
            #{adminTermView.termId},
            #{adminTermView.mandatoryIndicator},
            #{adminTermView.createdBy,jdbcType=VARCHAR},
            CURRENT_TIMESTAMP)
  </insert>

  <insert id="insertFacets">
    INSERT INTO dbo.ADMINISTRATION_TERM_FACETS
    (ADMINISTRATION_ID,
     TERM_ID,
     FACET_TYPE,
     FACET_VALUE,
     CREATED_BY,
     CREATED_TS)
    VALUES (#{administrationId},
            #{termId},
            #{facetView.type},
            #{facetView.value},
            #{facetView.createdBy,jdbcType=VARCHAR},
            CURRENT_TIMESTAMP)
  </insert>

  <select id="getMaxAdministrationId" resultType="int">
    SELECT NVL(MAX(ADMINISTRATION_ID), 0)
    FROM dbo.ADMINISTRATION with UR
  </select>

  <select id="readAdministration" resultMap="ReadAdminResult">
    SELECT
    A.ADMINISTRATION_ID,
    A.ADMINISTRATION_NAME,
    A.DATA_OWNER_OAR_ID,
    A.ADMINISTRATION_DESCRIPTION,
    A.CREATED_BY,
    A.CREATED_TS,
    A.UPDATED_BY,
    A.UPDATED_TS,
    B.TERM_ID,
    B.MANDATORY,
    C.TERM_NAME,
    C.TERM_DATA_TYPE,
    C.TERM_DEFINATION,
    B.CREATED_BY as ADMTERM_CREATED_BY,
    B.CREATED_TS as ADMTERM_CREATED_TS,
    B.UPDATED_BY as ADMTERM_UPDATED_BY,
    B.UPDATED_TS as ADMTERM_UPDATED_TS,
    D.FACET_TYPE,
    D.FACET_VALUE,
    D.CREATED_BY as ADMTERMFCT_CREATED_BY,
    D.CREATED_TS as ADMTERMFCT_CREATED_TS,
    D.UPDATED_BY as ADMTERMFCT_UPDATED_BY,
    D.UPDATED_TS as ADMTERMFCT_UPDATED_TS,
    E.PRODUCT_ID,
    E.CREATED_BY as ADMPROD_CREATED_BY,
    E.CREATED_TS as ADMPROD_CREATED_BY,
    E.UPDATED_BY as ADMPROD_CREATED_BY,
    E.UPDATED_TS as ADMPROD_CREATED_BY

    FROM dbo.ADMINISTRATION A
    LEFT JOIN dbo.ADMINISTRATION_TERMS B
    ON A.ADMINISTRATION_ID = B.ADMINISTRATION_ID
    LEFT JOIN dbo.GLOSSARY C
    ON B.TERM_ID = C.TERM_ID
    LEFT JOIN dbo.ADMINISTRATION_TERM_FACETS D
    ON B.ADMINISTRATION_ID = D.ADMINISTRATION_ID
    AND B.TERM_ID = D.TERM_ID
    LEFT JOIN dbo.PRODUCT_ADMINISTRATION_MAPPING E
    ON A.ADMINISTRATION_ID = E.ADMINISTRATION_ID
    <trim prefix="WHERE" prefixOverrides="AND | OR | AND&#x9; | OR&#x9;">
      <if test='administrationId >0 '>
        A.ADMINISTRATION_ID = #{administrationId,jdbcType=INTEGER}
      </if>
      <if test='productId >0'>
        A.ADMINISTRATION_ID IN (
        SELECT ADMINISTRATION_ID
        FROM dbo.PRODUCT_ADMINISTRATION_MAPPING
        WHERE PRODUCT_ID = #{productId,jdbcType=INTEGER}
        )
      </if>
    </trim>
  </select>

  <select id="administrationCountForTerms" resultType="int">
    SELECT COUNT(ADMINISTRATION_ID)
    FROM dbo.ADMINISTRATION_TERMS
    WHERE TERM_ID = #{termId,jdbcType=INTEGER} WITH UR
  </select>

  <select id="agreementCountForAdmin" resultType="int">
    SELECT COUNT(A.AGREEMENT_ID)
    FROM dbo.AGREEMENT A
           INNER JOIN dbo.PRODUCT_ADMINISTRATION_MAPPING B
                      ON A.PRODUCT_ID = B.PRODUCT_ID
    WHERE B.ADMINISTRATION_ID = #{administrationId}

  </select>

  <select id="agreementCountForProduct" resultType="int">
    SELECT COUNT(AGREEMENT_ID)
    FROM dbo.AGREEMENT
    WHERE PRODUCT_ID = #{productId} WITH UR
  </select>


  <update id="updateAdministration">
    UPDATE dbo.ADMINISTRATION
    SET
    ADMINISTRATION_NAME = #{administrationView.name,jdbcType=VARCHAR},
    DATA_OWNER_OAR_ID = #{administrationView.oarId,jdbcType=CHAR},
    ADMINISTRATION_DESCRIPTION = #{administrationView.description,jdbcType=VARCHAR},
    UPDATED_BY = #{administrationView.modifiedBy,jdbcType=VARCHAR}

    <trim prefix="WHERE">
      ADMINISTRATION_ID = #{administrationView.id}
    </trim>
  </update>

  <update id="updateTermAdminMapping">
    UPDATE dbo.ADMINISTRATION_TERMS
    SET
    MANDATORY = #{adminTermView.mandatoryIndicator},
    UPDATED_BY = #{adminTermView.modifiedBy,jdbcType=VARCHAR}

    <trim prefix="WHERE" prefixOverrides="AND | OR | AND&#x9; | OR&#x9;">
      <if test='administrationId !=null and administrationId >0 '>
        ADMINISTRATION_ID = #{administrationId}
      </if>
      <if test='adminTermView.termId !=null and adminTermView.termId >0 '>
        AND TERM_ID = #{adminTermView.termId}
      </if>
    </trim>
  </update>

  <update id="updateFacets">
    UPDATE dbo.ADMINISTRATION_TERM_FACETS
    SET
    FACET_VALUE = #{facetView.value},
    UPDATED_BY = #{facetView.modifiedBy,jdbcType=VARCHAR}

    <trim prefix="WHERE" prefixOverrides="AND | OR | AND&#x9; | OR&#x9;">
      <if test='administrationId !=null and administrationId >0 '>
        ADMINISTRATION_ID = #{administrationId}
      </if>
      <if test='termId !=null and termId >0 '>
        AND TERM_ID = #{termId}
      </if>
      <if test='facetView.type !=null and facetView.type !="" '>
        AND FACET_TYPE = #{facetView.type}
      </if>
    </trim>


  </update>

  <delete id="deleteProductAdminMapping">
    DELETE FROM dbo.PRODUCT_ADMINISTRATION_MAPPING
    <trim prefix="WHERE" prefixOverrides="AND | OR | AND&#x9; | OR&#x9;">
      <if test='administrationId !=null and administrationId >0 '>
        AND ADMINISTRATION_ID = #{administrationId}
      </if>
      <if test='productAdminView.productId !=null and productAdminView.productId >0 '>
        AND PRODUCT_ID = #{productAdminView.productId}
      </if>
    </trim>
  </delete>

  <delete id="deleteFacets">
    DELETE FROM dbo.ADMINISTRATION_TERM_FACETS
    <trim prefix="WHERE" prefixOverrides="AND | OR | AND&#x9; | OR&#x9;">
      <if test='administrationId !=null and administrationId >0 '>
        ADMINISTRATION_ID = #{administrationId}
      </if>
      <if test='termId !=null and termId >0 '>
        AND TERM_ID = #{termId}
      </if>
      <if test='facetView.type !=null and facetView.type !="" '>
        AND FACET_TYPE = #{facetView.type}
      </if>
    </trim>
  </delete>

  <delete id="deleteTermAdminMapping">
    DELETE FROM dbo.ADMINISTRATION_TERMS
    <trim prefix="WHERE" prefixOverrides="AND | OR | AND&#x9; | OR&#x9;">
      <if test='administrationId !=null and administrationId >0 '>
        ADMINISTRATION_ID = #{administrationId}
      </if>
      <if test='termId !=null and termId >0 '>
        AND TERM_ID = #{termId}
      </if>
    </trim>
  </delete>

  <delete id="deleteAdministration">
    DELETE FROM dbo.ADMINISTRATION
    <trim prefix="WHERE">
      ADMINISTRATION_ID = #{administrationId}
    </trim>
  </delete>

  <select id="adminCount" resultType="int">
    SELECT COUNT(ADMINISTRATION_ID)
    FROM dbo.PRODUCT_ADMINISTRATION_MAPPING
    WHERE PRODUCT_ID = #{productId} WITH UR
  </select>

</mapper>
