<?xml version="1.0" encoding="UTF-8"?>

<!DOCTYPE mapper
		PUBLIC "-//mybatis.org//DTD Mapper 3.0//EN"
		"http://mybatis.org/dtd/mybatis-3-mapper.dtd">

<mapper namespace="com.abnamro.moa.restservices.agreementoverview.dao.AgreementOverviewMybatisMapper">

	<resultMap id="bbRefView" type="com.abnamro.moa.restservices.agreementoverview.dao.BuildingBlockReference">
		<result column="FK_BBLOCK_ID" property="bbId"/>
		<result column="BBREFCONTRACTID" property="bbRefContractId"/>
	</resultMap>

	<resultMap id="contractHeaderDetailsView"
			   type="com.abnamro.moa.restservices.agreementoverview.dao.ContractHeaderView">
		<result column="CHID" property="chId"/>
		<result column="NICKNAME" property="nickname"/>
		<result column="CHCONTR_STAT" property="status"/>
		<result column="CHID_PARENT" property="parentCHId"/>
		<result column="COMM_CONTRNR" property="agreementId"/>
		<result column="MGBUSCONTNR" property="customerId"/>
		<result column="BLOCKINGCODE" property="blockingCode"/>
		<result column="FK_PRODUCT_ID" property="productId"/>
		<collection property="buildingBlockReferences" javaType="ArrayList" resultMap="bbRefView"></collection>
	</resultMap>

	<select id="retriveAgreementOverview" resultMap="contractHeaderDetailsView">
		SELECT CH.CHID,
		CH.NICKNAME,
		CH.CHCONTR_STAT,
		CH.CHID_PARENT,
		CH.COMM_CONTRNR,
		CH.MGBUSCONTNR,
		CH.BLOCKINGCODE,
		CH.FK_PRODUCT_ID,
		BBR.FK_BBLOCK_ID,
		BBR.BBREFCONTRACTID
		FROM
		<choose>
			<when test='schemaName != null and schemaName=="UU01"'>
				UU01.TMOCONTRACTHEADER CH
			</when>
			<otherwise>
				QQ.TMOCONTRACTHEADER CH
			</otherwise>
		</choose>
		LEFT JOIN
		<choose>
			<when test='schemaName != null and schemaName=="UU01"'>
				UU01.TMOBUILDBLOCKREF BBR
			</when>
			<otherwise>
				QQ.TMOBUILDBLOCKREF BBR
			</otherwise>
		</choose>
		ON CH.FK_PRODUCT_ID = BBR.FK_PRODUCT_ID
		AND CH.CHID = BBR.FK_CONTRACTH_ID
		WHERE CH.COMM_CONTRNR IN
		<foreach item="item" index="index" collection="agreements"
				 open="(" separator="," close=")">
			#{item}
		</foreach>
		WITH UR
	</select>
</mapper>
