{
    "application": {
        "ARTIFACTID": "AgreementIdentifierAPI",
        "ARTIFACTID_DAR": "AgreementIdentifierAPI_DAR",
        "ARTIFACTID_DICT": "env_dict_xld_PR",
        "ENVIRONMENT_ID": "MOA",
        "DAR_PRESENT": "TRUE",
        "DICT_PRESENT": "FALSE",
        "ENABLE_DEPLOY": "FALSE",
        "ENABLE_DEPLOY_ST": "FALSE"
    },
    "releases": [
        {
            "phase": "UT/ST",
            "templateId": "CICD_Integration_UT_ST",
            "variables": {
                   
            }
        },
        {
            "phase": "ET/PR",
            "templateId": "Template AP&P -1",
            "variables": {
                "NR_OF_DEPLOYMENT_GROUPS_ET": "0",
                "NR_OF_DEPLOYMENT_GROUPS_PR": "0",
                "ENABLE_DEPLOY_ET_PR": "FALSE"
            }
        }
    ]
}