<?xml version="1.0" encoding="UTF-8"?>

<!DOCTYPE mapper
  PUBLIC "-//mybatis.org//DTD Mapper 3.0//EN"
  "http://mybatis.org/dtd/mybatis-3-mapper.dtd">
  
  <mapper namespace="com.abnamro.gpa.batch.updateagreementbatch.dao.GPAAgreementBatchDAOMybatisMapper">
  	
  	<resultMap id="searchAgreementResult" type="com.abnamro.gpa.batch.updateagreementbatch.dtos.GPAAgreementDTO">
        <result column="AGREEMENT_ID" property="agreementId" />
        <result column="PRODUCT_ID" property="productId" />
        <result column="CUSTOMER_ID" property="customerId" />
    </resultMap>
    
    <select id="fetchGPAAgreements" resultType="Long" >
  			SELECT TOP 20
  				 AGREEMENT_ID
  			FROM ${schemaName}.AGREEMENT
  			WHERE AGREEMENT_STATUS = 'ACTIVE' 
			AND AGREEMENT_START_TS 
			BETWEEN #{agreementStartDate}
			AND  #{agreementStartDateEndTime}
	    	<if test = 'lastAgreementId > 0'>
	    		AND AGREEMENT_ID > #{lastAgreementId}
	    	</if>
	    	ORDER BY AGREEMENT_ID ASC;
  	</select>
  	
  	<select id="fetchGPAAgreementsWithDetails" resultMap="searchAgreementResult" >
  			SELECT TOP 20
  				 AGREEMENT_ID,
  				 PRODUCT_ID,
  				 CUSTOMER_ID
  			FROM ${schemaName}.AGREEMENT
  			WHERE AGREEMENT_STATUS = 'ACTIVE' 
			AND AGREEMENT_START_TS 
			BETWEEN #{agreementStartDate}
			AND  #{agreementStartDateEndTime}
	    	<if test = 'lastAgreementId > 0'>
	    		AND AGREEMENT_ID > #{lastAgreementId}
	    	</if>
	    	ORDER BY AGREEMENT_ID ASC;
  	</select>
  	
  	<select id="fetchGPAAgreementsEndedWithDetails" resultMap="searchAgreementResult" >
  			SELECT TOP 20
  				 AGREEMENT_ID,
  				 PRODUCT_ID,
  				 CUSTOMER_ID
  			FROM ${schemaName}.AGREEMENT
  			WHERE AGREEMENT_STATUS = 'ACTIVE' 
			AND AGREEMENT_END_TS 
			BETWEEN #{agreementEndDate}
			AND  #{agreementEndDateEndTime}
	    	<if test = 'lastAgreementId > 0'>
	    		AND AGREEMENT_ID > #{lastAgreementId}
	    	</if>
	    	ORDER BY AGREEMENT_ID ASC;
  	</select> 
  	
  	<update id="updateAgreementStatusInGPA">
	  		UPDATE   ${schemaName}.AGREEMENT
	  		SET
		  		AGREEMENT_STATUS= #{gpaAgreementDTO.status,jdbcType=CHAR},
		  		UPDATED_BY= #{gpaAgreementDTO.updatedBy,jdbcType=CHAR},
		  		UPDATED_TS=#{gpaAgreementDTO.updatedTimeStamp,jdbcType=VARCHAR}
		  		
		  <trim prefix="WHERE">
			AGREEMENT_ID = #{gpaAgreementDTO.agreementId}
		  </trim>
			
	  	</update>
  </mapper>