<?xml version="1.0" encoding="UTF-8"?>

<!DOCTYPE mapper
  PUBLIC "-//mybatis.org//DTD Mapper 3.0//EN"
  "http://mybatis.org/dtd/mybatis-3-mapper.dtd">

<mapper
	namespace="com.abnamro.pna.restservices.customeragreements.dao.CustomerAgreementsMybatisMapper">

	<resultMap id="contractHeaderDetailsView"
		type="com.abnamro.pna.restservices.customeragreements.dao.ContractHeaderView">
		<result column="CHID" property="chId" />
		<result column="NICKNAME" property="nickname" />
		<result column="CHCONTR_STAT" property="status" />
		<result column="COMM_CONTRNR" property="agreementId" />
		<result column="CHID_PARENT" property="chIdParent" />
		<result column="FK_PRODUCT_ID" property="productId" />
		<collection property="bbDetails" javaType="ArrayList"
			resultMap="bbRefView">
		</collection>

	</resultMap>

	<resultMap id="bbRefView"
		type="com.abnamro.pna.restservices.customeragreements.dao.BuildingBlockReferenes">
		<result column="FK_BBLOCK_ID" property="bbId" />
		<result column="BBREFCONTRACTID" property="bbRefContractId" />
	</resultMap>

	<select id="retrieveContractHeaderDetails" resultMap="contractHeaderDetailsView">
		SELECT CH.CHID,
		CH.NICKNAME,
		CH.CHCONTR_STAT,
		CH.COMM_CONTRNR,
		CH.CHID_PARENT,
		CH.FK_PRODUCT_ID,
		BBR.FK_BBLOCK_ID,
		BBR.BBREFCONTRACTID
		FROM ${schemaName}.TMOCONTRACTHEADER CH
		LEFT JOIN ${schemaName}.TMOBUILDBLOCKREF BBR
		ON CH.FK_PRODUCT_ID = BBR.FK_PRODUCT_ID
		AND CH.CHID = BBR.FK_CONTRACTH_ID
		WHERE MGBUSCONTNR = ${customerId}
		WITH UR
	</select>


	<select id="isAuthorizedConsumer" resultType="Integer">
		SELECT COUNT(SERVICE_NAME)
		FROM ${schemaName}.TMO_SERVICE_AUTH
		WHERE CONSUMER_ID =#{consumerId}
		AND SERVICE_NAME =#{operation}
		AND VIEW_NUMBER =#{version}
		AND <![CDATA[CURRENT_DATE >= AUTH_START_DATE ]]>
		AND <![CDATA[CURRENT_DATE <= AUTH_END_DATE  ]]>
		WITH UR
	</select>

	<update id="updateLastDateUsed">
		UPDATE ${schemaName}.TMO_SERVICE_AUTH
		SET AUTH_LAST_USED_DATE = CURRENT_DATE
		WHERE CONSUMER_ID =#{consumerId}
		AND SERVICE_NAME =#{operation}
		AND VIEW_NUMBER =#{version}
	</update>
</mapper>