<?xml version="1.0" encoding="UTF-8"?>

<!DOCTYPE mapper
  PUBLIC "-//mybatis.org//DTD Mapper 3.0//EN"
  "http://mybatis.org/dtd/mybatis-3-mapper.dtd">
  
  <mapper
	namespace="com.abnamro.moa.services.agreementcustomerreference.dao.buildingblockref.BuildingBlockMybatisMapper">
	
	<resultMap id="BuildingBlockClusterTypeView"
		type="com.abnamro.moa.services.agreementcustomerreference.dao.buildingblockref.BuildingBlockClusterTypeView">
		<result column="FK_BBLOCK_ID" property="buildingBlockId" />
		<result column="FK_CLUSTER_ID" property="clusterId" />
		<result column="FK_PRODUCT_ID" property="productId" />
		<result column="BBLOCK_TYPE" property="buildingBlockType" />
	</resultMap>
	
	<select id="getBuildingBlockDetailsForProduct" resultMap="BuildingBlockClusterTypeView">
		SELECT A.FK_BBLOCK_ID, 
			   A.FK_CLUSTER_ID,
			   A.FK_PRODUCT_ID,
			   B.BBLOCK_TYPE
			FROM ${schemaName}.TME_BB_USAGE_VER A
			INNER JOIN ${schemaName}.TME_BUILDINGBLOCK B
			ON A.FK_BBLOCK_ID = B.BBLOCK_ID
		WHERE
 			FK_PRODUCT_ID  = #{productId}
 			AND <![CDATA[END_TSP  > CURRENT_TIMESTAMP]]>
 			AND VERIFIED_FLAG = 'Y'
	</select>



	

	<insert id="insertBuildingBlockRef">
		INSERT INTO ${schemaName}.TMOBUILDBLOCKREF (
			BBREFCONTRACTID
			, FK_PRODUCT_ID
			, FK_CLUSTER_ID
			, FK_BBLOCK_ID
			, FK_CONTRACTH_ID
		) VALUES (
			#{buildingBlock.buildingBlockReferenceContractId}
			, #{buildingBlock.productId}
			, #{buildingBlock.clusterId}
			, #{buildingBlock.buildingBlockId}
			, #{buildingBlock.contractHeaderId}
		)
	</insert>
	
	<select id="getCountOfBuildingBlockReference" resultType="java.lang.Integer">
		SELECT COUNT(*) 
		FROM ${schemaName}.TMOBUILDBLOCKREF 
		WHERE FK_BBLOCK_ID = #{buildingBlockId}
		AND BBREFCONTRACTID = #{buildingBlockReferenceContractId}
	</select>
	
	<delete id="deleteBuildingBlockReferences">
		DELETE FROM ${schemaName}.TMOBUILDBLOCKREF
		WHERE FK_CONTRACTH_ID = #{agreementCustomerReferenceId}
	</delete>
	
	<select id="getAgreementCustomerReference" resultType="java.lang.String">
		SELECT FK_CONTRACTH_ID 
		FROM ${schemaName}.TMOBUILDBLOCKREF 
		WHERE FK_BBLOCK_ID = #{buildingBlockId}
		AND BBREFCONTRACTID = #{buildingBlockReferenceContractId}
	</select>
	
</mapper>