<?xml version="1.0" encoding="UTF-8"?>

<!DOCTYPE mapper
  PUBLIC "-//mybatis.org//DTD Mapper 3.0//EN"
  "http://mybatis.org/dtd/mybatis-3-mapper.dtd">

<mapper
	namespace="com.abnamro.moa.services.agreementcustomerreference.dao.AgreementCustomerReferenceMybatisMapper">

	<resultMap id="AgreementCustomerReferenceView"
		type="com.abnamro.moa.services.agreementcustomerreference.dao.create.AgreementCustomerReferenceView">
		<result column="CHID" property="id" />
		<result column="NICKNAME" property="nickName" />
		<result column="CHCONTR_STAT" property="status" />
		<result column="CHID_PARENT" property="parentId" />
		<result column="COMM_CONTRNR" property="commercialContractNumber" />
		<result column="MGBUSCONTNR" property="customerId" />
		<result column="FK_PRODUCT_ID" property="productId" />
		<result column="DATEMODIFIED" property="dateModified" />
		<result column="DATECREATED" property="dateCreated" />
		<collection resultMap="BuildingBlockView"  property="buildingBlockViewList"></collection>
	</resultMap>
	
	<resultMap id="BuildingBlockView"
		type="com.abnamro.moa.services.agreementcustomerreference.dao.buildingblockref.BuildingBlockView">
		<result column="FK_BBLOCK_ID" property="buildingBlockId" />
		<result column="BBREFCONTRACTID" property="buildingBlockReferenceContractId" />
	</resultMap>

	<resultMap id="resultProduct"
		type="com.abnamro.moa.services.agreementcustomerreference.dao.productvalidation.AgreementCustomerReferenceProductView">
		<result column="FK_PRODUCT_ID" property="id" />
		<result column="PRODUCT_STATUS" property="status" />
		<result column="PRODUCT_TYPE" property="type" />
	</resultMap>

	<resultMap id="productGroupDetailsResult" type="com.abnamro.moa.services.agreementcustomerreference.dao.productvalidation.ProductGroupIdsView">
		<result column="FK_PRODGROUP_ID" property="productGroupId" />
	</resultMap>

	<select id="selectProductsById" resultMap="resultProduct">
        SELECT
        PR.FK_PRODUCT_ID,
        PR.PRODUCT_STATUS,
        PT.PRODUCT_TYPE
        FROM ${schemaName}.TME_PRODUCT_VER PR
        LEFT JOIN
        ${schemaName}.TME_PRODUCT PT
        ON PR.FK_PRODUCT_ID = PT.PRODUCT_ID
        WHERE PR.FK_PRODUCT_ID = #{productId}
        AND PR.VERIFIED_FLAG = 'Y'
        AND PR.END_TSP = '9999-12-31-00.00.00.000000'
        WITH UR
    </select>

	<insert id="insertContractHeader">
		INSERT INTO ${schemaName}.TMOCONTRACTHEADER
		(CHID
		, NICKNAME
		, CHCONTR_STAT
		, DATECREATED
		, DATEMODIFIED
		, CHUSERID
		, CHID_PARENT
		, COMM_CONTRNR
		, MGBUSCONTNR
		, FK_PRODUCT_ID
		, TRANSFERSERVICE
		, BLOCKINGCODE
		)
		VALUES (
		#{contractHeaderView.id, jdbcType=CHAR},
		#{contractHeaderView.nickName, jdbcType=CHAR},
		#{contractHeaderView.status, jdbcType=CHAR},
		#{contractHeaderView.dateCreated, jdbcType=TIMESTAMP},
		#{contractHeaderView.dateModified, jdbcType=TIMESTAMP},
		#{contractHeaderView.userId, jdbcType=CHAR},
		#{contractHeaderView.parentId, jdbcType=CHAR},
		#{contractHeaderView.commercialContractNumber, jdbcType=CHAR},
		#{contractHeaderView.customerId},
		#{contractHeaderView.productId},
		#{contractHeaderView.transferService, jdbcType=CHAR},
		#{contractHeaderView.blockingCode, jdbcType=CHAR}
		)
	</insert>

	<select id="generateAgreementCustomerReferenceId" resultType="Integer">
		SELECT CH_ID_NUMBER FROM FINAL TABLE (INSERT INTO ${schemaName}.TMO_CHID_GENERATION(CH_ID_NUMBER)
        VALUES DEFAULT)     
	</select>

	<select id="selectGeneratedAgreementCustomerReferenceId" resultType="Integer">
		SELECT CH_ID_NUMBER FROM ${schemaName}.TMO_CHID_GENERATION
	</select> 

	<delete id="deleteGeneratedAgreementCustomerReferenceId">
		DELETE FROM ${schemaName}.TMO_CHID_GENERATION WHERE CH_ID_NUMBER = #{agreementCustomerReferenceId}
	</delete>

	<select id="selectNumberOfContractHeaderById"
		resultType="Integer">
		SELECT COUNT(CH.CHID)
		FROM ${schemaName}.TMOCONTRACTHEADER
		CH
		WHERE
		CH.CHID = #{contractHeaderId, jdbcType=CHAR}
		WITH UR
	</select>

	<select id="getAgreementCustomerReference"
		resultMap="AgreementCustomerReferenceView">
		SELECT *
			FROM ${schemaName}.TMOCONTRACTHEADER
		WHERE CHID = #{agreementCustomerReferenceId}
		WITH UR
	</select>

	<update id="updateContractHeader">
	UPDATE ${schemaName}.TMOCONTRACTHEADER
		SET
		<if test="agreementCustomerReference.nickName != null">
			NICKNAME = #{agreementCustomerReference.nickName, jdbcType=CHAR},
		</if>
		<if test="agreementCustomerReference.status != null">
			CHCONTR_STAT  = #{agreementCustomerReference.status, jdbcType=CHAR},
		</if>
		<if test="agreementCustomerReference.userId != null">
			CHUSERID = #{agreementCustomerReference.userId, jdbcType=CHAR},
		</if>
		<if test="agreementCustomerReference.parentId != null">
			CHID_PARENT = #{agreementCustomerReference.parentId,jdbcType=CHAR},
		</if>
		<if test="agreementCustomerReference.commercialContractNumber != null">
			COMM_CONTRNR  = #{agreementCustomerReference.commercialContractNumber,jdbcType=CHAR},
		</if>
		<if test="agreementCustomerReference.customerId != null">
			MGBUSCONTNR = #{agreementCustomerReference.customerId},
		</if>
		<if test="agreementCustomerReference.productId != null">
			FK_PRODUCT_ID = #{agreementCustomerReference.productId},
		</if>
		DATEMODIFIED = #{agreementCustomerReference.dateModified,jdbcType=TIMESTAMP}
	WHERE  CHID = #{agreementCustomerReferenceId}
	</update>
	
	<select id="retrieveAgreementCustomerReferences" resultMap="AgreementCustomerReferenceView">
		SELECT 
			CH.CHID,
			CH.CHCONTR_STAT,
			CH.COMM_CONTRNR,
			CH.MGBUSCONTNR,
			CH.FK_PRODUCT_ID,
			CH.DATECREATED,
			CH.NICKNAME,
			BB.BBREFCONTRACTID,
			BB.FK_BBLOCK_ID
		FROM ${schemaName}.TMOCONTRACTHEADER CH 
		    LEFT JOIN ${schemaName}.TMOBUILDBLOCKREF BB 
		    ON CH.CHID = BB.FK_CONTRACTH_ID
		<trim prefix="WHERE" prefixOverrides="AND |OR ">
			<if test="productId >0">
				AND CH.FK_PRODUCT_ID = #{productId}
			</if>
			<if test="buildingBlockId >0">
				AND BB.FK_BBLOCK_ID = #{buildingBlockId}
			</if>
			<if test="commercialAgreementId != null">
				AND CH.COMM_CONTRNR = #{commercialAgreementId}
			</if>
			<if test="buildingBlockReferenceContractId != null">
				AND BB.BBREFCONTRACTID = #{buildingBlockReferenceContractId}
			</if>
		</trim>
		WITH UR
	</select>

	<select id="retrieveAgreementCustomerReference" resultMap="AgreementCustomerReferenceView">
		SELECT 
			CH.CHID,
			CH.CHCONTR_STAT,
			CH.COMM_CONTRNR,
			CH.MGBUSCONTNR,
			CH.FK_PRODUCT_ID,
			CH.DATECREATED,
			CH.NICKNAME,
			CH.CHID_PARENT,
			BB.BBREFCONTRACTID,
			BB.FK_BBLOCK_ID
		FROM ${schemaName}.TMOCONTRACTHEADER CH 
		    LEFT JOIN ${schemaName}.TMOBUILDBLOCKREF BB 
		    ON CH.CHID = BB.FK_CONTRACTH_ID
		WHERE
			CHID = #{agreementCustomerReferenceId}
		WITH UR
	</select>

	<update id="clearParentReferences">
		UPDATE ${schemaName}.TMOCONTRACTHEADER
		SET
			CHID_PARENT = '',
			CHUSERID = #{agreementCustomerReference.userId, jdbcType=CHAR},
			DATEMODIFIED = #{agreementCustomerReference.dateModified, jdbcType=TIMESTAMP}
		WHERE
			CHID_PARENT = '${parentAgreementCustomerReferenceId}'
	</update>

	<delete id="deleteContractHeader">
		DELETE
		FROM ${schemaName}.TMOCONTRACTHEADER
		WHERE
			CHID = '${agreementCustomerReferenceId}'
	</delete>

	<select id="readProductGroupIds" resultMap="productGroupDetailsResult">
	SELECT
		FK_PRODGROUP_ID
	FROM  ${schemaName}.TME_PROD_PGRP_VER
	WHERE
		FK_PRODUCT_ID = ${productId}
		AND <![CDATA[CURRENT_TIMESTAMP >= START_TSP     ]]>
		AND <![CDATA[CURRENT_TIMESTAMP <= END_TSP  ]]>
		AND VERIFIED_FLAG = 'Y'
    WITH UR
  </select>


	<select id="retrieveLinkedAgreementCustomerReferences" resultMap="AgreementCustomerReferenceView">
		SELECT 
			CH.CHID,
			CH.CHCONTR_STAT,
			CH.COMM_CONTRNR,
			CH.MGBUSCONTNR,
			CH.FK_PRODUCT_ID,
			CH.DATECREATED,
			BB.BBREFCONTRACTID,
			BB.FK_BBLOCK_ID
		FROM ${schemaName}.TMOCONTRACTHEADER CH 
		    LEFT JOIN ${schemaName}.TMOBUILDBLOCKREF BB 
		    ON CH.CHID = BB.FK_CONTRACTH_ID
		WHERE
			CHID_PARENT = #{agreementCustomerReferenceId}
		WITH UR
	</select>

</mapper>
