<?xml version="1.0" encoding="UTF-8"?>

<!DOCTYPE mapper
  PUBLIC "-//mybatis.org//DTD Mapper 3.0//EN"
  "http://mybatis.org/dtd/mybatis-3-mapper.dtd">
  
  <mapper
	namespace="com.abnamro.moa.services.agreementcustomerreference.dao.responsibleparty.ResponsiblePartyMybatisMapper">
	
	<resultMap id="ResponsiblePartyView"
		type="com.abnamro.moa.services.agreementcustomerreference.dao.responsibleparty.ResponsiblePartyView">
		<result column="CH_RP_NUMBER" property="number" />
		<result column="RPT_TYPE" property="type" />
		<collection property="responsiblePartyVersionViewList"  javaType="ArrayList" resultMap="ResponsiblePartyVersionView"/>
	</resultMap>
	<resultMap id="ResponsiblePartyVersionView"
		type="com.abnamro.moa.services.agreementcustomerreference.dao.responsibleparty.ResponsiblePartyVersionView">
		<result column="CH_RP_NUMBER" property="responsiblePartyNumber" />
		<result column="CH_RPV_START_DATE" property="startDate" />
		<result column="RPV_BANK_OBJID" property="organizationUnitId" />
		<result column="RPV_BANK_OBJTYPE" property="bankObjectType" />
		<result column="CH_RPV_STATUS" property="status" />
		<result column="CH_RPV_DC_ACT_CODE" property="dcActCode" />
	</resultMap>
	
	<insert id="insertResponsibleParty">
		INSERT INTO ${schemaName}.TMO_CH_RESP_PRTY (
			CH_RP_NUMBER
			, CH_RP_DATE_CREATED
			, CH_RP_CREATED_BY
			, FK_CONTRACTH_ID
			, RPT_TYPE
		) VALUES (
			#{responsibleParty.number}
			, #{responsibleParty.dateCreated}
			, #{responsibleParty.creatorName}
			, #{responsibleParty.contractHeaderId}
			, #{responsibleParty.type}
		)
	</insert>

	<insert id="insertResponsiblePartyVersion">
		INSERT INTO ${schemaName}.TMO_CH_RESP_PRTY_V (
			FK_CH_RP_NUMBER
			, CH_RPV_START_DATE
			, CH_RPV_DATE_CREATE
			, CH_RPV_CREATED_BY
			, FK_CONTRACTH_ID
			, RPV_BANK_OBJID
			, RPV_BANK_OBJTYPE
			, CH_RPV_STATUS
			, CH_RPV_DC_ACT_CODE
			, CH_RPV_ENTRY_ID
			, CH_RPV_DATE_AUTH
			, CH_RPV_AUTH_BY
			, CH_RPV_ISSUE_ID
			, CH_RPV_PROCESS_ID
		) VALUES (
			#{responsiblePartyVersion.responsiblePartyNumber}
			, #{responsiblePartyVersion.startDate}
			, #{responsiblePartyVersion.creationDate}
			, #{responsiblePartyVersion.creatorName}
			, #{responsiblePartyVersion.contractHeaderId}
			, #{responsiblePartyVersion.organizationUnitId}
			, #{responsiblePartyVersion.bankObjectType}
			, #{responsiblePartyVersion.status}
			, #{responsiblePartyVersion.dcActCode}
			, #{responsiblePartyVersion.entryId}
			, #{responsiblePartyVersion.dateAuthorized}
			, #{responsiblePartyVersion.authorizorName}
			, #{responsiblePartyVersion.issuerName}
			, #{responsiblePartyVersion.processId}
		)
	</insert>
	
	<select id="generateResponsiblePartyId" resultType="Integer">
		SELECT RP_ID_NUMBER FROM FINAL TABLE (INSERT INTO ${schemaName}.TMO_CH_RSP_PRTY_ID(RP_ID_NUMBER)        
        VALUES DEFAULT)
    </select>

	<select id="selectResponsiblePartyId" resultType="Integer">
		SELECT RP_ID_NUMBER FROM ${schemaName}.TMO_CH_RSP_PRTY_ID
	</select>

	<delete id="deleteGeneratedReposiblePartyId">
		DELETE FROM ${schemaName}.TMO_CH_RSP_PRTY_ID WHERE RP_ID_NUMBER = #{responsiblePartyId}
	</delete>

	<select id="getResponsibleParty" resultMap="ResponsiblePartyView">
		SELECT RP.CH_RP_NUMBER,
		  RP.RPT_TYPE,
		  RPV.CH_RPV_START_DATE,
		  RPV.RPV_BANK_OBJID,
		  RPV.RPV_BANK_OBJTYPE,
		  RPV.CH_RPV_STATUS,
		  RPV.CH_RPV_DC_ACT_CODE
		FROM ${schemaName}.TMO_CH_RESP_PRTY RP
		LEFT JOIN ${schemaName}.TMO_CH_RESP_PRTY_V RPV
		ON RP.CH_RP_NUMBER = RPV.FK_CH_RP_NUMBER
		WHERE RP.FK_CONTRACTH_ID = #{agreementCustomerReferenceId}
	</select>
	
	<update id="updateResponsiblePartyVersionStatus">
		UPDATE ${schemaName}.TMO_CH_RESP_PRTY_V 
		SET CH_RPV_STATUS = #{status},
			CH_RPV_DATE_AUTH = CURRENT_TIMESTAMP,
			CH_RPV_AUTH_BY = #{userId}
		WHERE FK_CH_RP_NUMBER = #{responsiblePartyId}
		AND CH_RPV_START_DATE = #{startDate}
	</update>

	<delete id="deleteResponsibleParties">
		DELETE
		FROM ${schemaName}.TMO_CH_RESP_PRTY
		WHERE
			FK_CONTRACTH_ID = '${agreementCustomerReferenceId}'
	</delete>

	<delete id="deleteResponsiblePartyVersions">
		DELETE
		FROM ${schemaName}.TMO_CH_RESP_PRTY_V
		WHERE
			FK_CONTRACTH_ID = '${agreementCustomerReferenceId}'
	</delete>
</mapper>
