<?xml version="1.0" encoding="UTF-8"?>

<!DOCTYPE mapper
        PUBLIC "-//mybatis.org//DTD Mapper 3.0//EN"
        "http://mybatis.org/dtd/mybatis-3-mapper.dtd">

<mapper namespace="com.abnamro.gpa.generic.glossarydao.dao.GPAAGlossaryDAOMybatisMapper">

    <resultMap id="searchGlossaryResult" type="com.abnamro.gpa.generic.glossarydao.dtos.TermView">
        <result column="TERM_ID" property="id" />
        <result column="TERM_NAME" property="name" />
        <result column="TERM_DATA_TYPE" property="dataType" />
        <result column="TERM_DEFINATION" property="description" />
        <result column="CREATED_BY" property="createdBy" />
        <result column="CREATED_TS" property="createdTimeStamp" jdbcType="TIMESTAMP"/>
        <result column="UPDATED_BY" property="modifiedBy" />
        <result column="UPDATED_TS" property="modifiedTimeStamp" jdbcType="TIMESTAMP" />
    </resultMap>


    <select id="searchGlossary" resultMap="searchGlossaryResult">
        SELECT
        TERM_ID,
        TERM_NAME,
        TERM_DATA_TYPE,
        TERM_DEFINATION,
        CREATED_BY,
        CREATED_TS,
        UPDATED_BY,
        UPDATED_TS
        FROM DBO.TPS_GLOSSARY A
        <trim prefix="WHERE" prefixOverrides="AND | OR | AND&#x9; | OR&#x9;">
            <if test = 'glossarySearchCriteriaView.termId !=null and glossarySearchCriteriaView.termId >0 '>
                AND A.TERM_ID = #{glossarySearchCriteriaView.termId,jdbcType=INTEGER}
            </if>
            <if test = 'glossarySearchCriteriaView.termName !=null and glossarySearchCriteriaView.termName !="" '>
                AND lower(A.TERM_NAME) LIKE '%'#{glossarySearchCriteriaView.termName}'%' ESCAPE '/'
            </if>

            <if test = 'glossarySearchCriteriaView.createdBy !=null and glossarySearchCriteriaView.createdBy!="" '>
                AND lower(A.CREATED_BY) = #{glossarySearchCriteriaView.createdBy}
            </if>
            <if test = 'glossarySearchCriteriaView.createdTimestampFrom!=null '>
                <![CDATA[AND A.CREATED_TS >= #{glossarySearchCriteriaView.createdTimestampFrom} ]]>
            </if>
            <if test = 'glossarySearchCriteriaView.createdTimestampTo!=null '>
                <![CDATA[AND A.CREATED_TS <= #{glossarySearchCriteriaView.createdTimestampTo} ]]>
            </if>

        </trim>
    </select>

    <insert id="insertTerm">
	  	INSERT INTO DBO.TPS_GLOSSARY
	  		(TERM_ID,
	  		TERM_NAME,
		     TERM_DATA_TYPE,
			 TERM_DEFINATION,
			 CREATED_BY)
			 VALUES (
			 	#{termView.id},
			 	#{termView.name,jdbcType=VARCHAR},
		  		#{termView.dataType,jdbcType=CHAR},
		  		#{termView.description,jdbcType=VARCHAR},
		  		#{termView.createdBy,jdbcType=VARCHAR}
		  		)
	  	</insert>


    <select id="getMaxTermId" resultType="int">
	  	SET TRANSACTION ISOLATION LEVEL READ UNCOMMITTED;
	  	SELECT
	  	ISNULL(MAX(TERM_ID), 0)
	  	FROM
	  	DBO.TPS_GLOSSARY
	</select>

    <select id="readTerm" resultMap="searchGlossaryResult">
        SELECT
        TERM_ID,
        TERM_NAME,
        TERM_DATA_TYPE,
        TERM_DEFINATION,
        CREATED_BY,
        CREATED_TS,
        UPDATED_BY,
        UPDATED_TS
        FROM  DBO.TPS_GLOSSARY  A
        <trim prefix="WHERE" prefixOverrides="AND | OR | AND&#x9; | OR&#x9;">
            <if test = 'termId != null and termId > 0 '>
                A.TERM_ID = #{termId,jdbcType=INTEGER}
            </if>
        </trim>
    </select>

    <delete id="deleteTerm">
        DELETE FROM DBO.TPS_GLOSSARY
        <trim prefix="WHERE">
            TERM_ID = #{termId}
        </trim>
    </delete>

    <update id="updateTerm">
        UPDATE  DBO.TPS_GLOSSARY
        SET
        TERM_NAME= #{termView.name,jdbcType=VARCHAR},
        TERM_DEFINATION =#{termView.description,jdbcType=VARCHAR},
        UPDATED_BY= #{termView.modifiedBy,jdbcType=VARCHAR}
        <trim prefix="WHERE">
            TERM_ID = #{termView.id}
        </trim>
    </update>

    <select id="retrieveAllTerms" resultMap="searchGlossaryResult">
		SELECT
		TERM_ID,
		TERM_NAME,
		TERM_DATA_TYPE,
		TERM_DEFINATION,
		CREATED_BY,
		CREATED_TS,
		UPDATED_BY,
		UPDATED_TS
  	 FROM  DBO.TPS_GLOSSARY A
  </select>

</mapper>
