<?xml version="1.0" encoding="UTF-8"?>

<!DOCTYPE mapper
        PUBLIC "-//mybatis.org//DTD Mapper 3.0//EN"
        "http://mybatis.org/dtd/mybatis-3-mapper.dtd">

<mapper
        namespace="com.abnamro.gpa.generic.gpaagreementdao.dao.GPAAgreementDAOMybatisMapper">

    <resultMap id="resultReadAgreement"
               type="com.abnamro.gpa.generic.gpaagreementdao.view.GPAAgreementView">
        <result column="AGREEMENT_ID" property="agreementId"/>
        <result column="PRODUCT_ID" property="productId"/>
        <result column="CUSTOMER_ID" property="customerId"/>
        <result column="AGREEMENT_STATUS" property="status"/>
        <result column="AGREEMENT_START_TS" property="startDate"
                jdbcType="TIMESTAMP"/>
        <result column="AGREEMENT_END_TS" property="endDate" jdbcType="TIMESTAMP"/>
        <result column="CREATED_BY" property="createdBy"/>
        <result column="CREATED_TS" property="createdTimeStamp"
                jdbcType="TIMESTAMP"/>
        <result column="UPDATED_BY" property="updatedBy"/>
        <result column="UPDATED_TS" property="updatedTimeStamp"
                jdbcType="TIMESTAMP"/>
        <collection property="terms" javaType="ArrayList"
                    ofType="com.abnamro.gpa.generic.gpaagreementdao.view.GPAAgreementTermView"
                    resultMap="resultReadAgreementTermView"/>
    </resultMap>

    <resultMap id="resultReadAgreementTermView"
               type="com.abnamro.gpa.generic.gpaagreementdao.view.GPAAgreementTermView">
        <result column="DATA_SEQUENCE" property="sequence"/>
        <result column="AGREEMENT_DATA" property="data"/>
        <result column="AGRTRM_CREATED_BY" property="createdBy"/>
        <result column="AGRTRM_CREATED_TS" property="createdTimeStamp"
                jdbcType="TIMESTAMP"/>
        <result column="AGRTRM_UPDATED_BY" property="updatedBy"/>
        <result column="AGRTRM_UPDATED_TS" property="updatedTimeStamp"
                jdbcType="TIMESTAMP"/>
    </resultMap>

    <insert id="insertAgreement">
        INSERT INTO
        DBO.AGREEMENT

        (AGREEMENT_ID,
        PRODUCT_ID,
        CUSTOMER_ID,
        AGREEMENT_STATUS,
        AGREEMENT_START_TS,
        AGREEMENT_END_TS,
        CREATED_BY,
        CREATED_TS)  <!-- UPDATED_TS
			, #{agreementDTO.updatedTimeStamp,jdbcType=VARCHAR} -->
        VALUES (
        #{agreementDTO.agreementId},
        #{agreementDTO.productId},
        #{agreementDTO.customerId},
        #{agreementDTO.status,jdbcType=CHAR},
        #{agreementDTO.startDate,jdbcType=VARCHAR},
        #{agreementDTO.endDate,jdbcType=VARCHAR},
        #{agreementDTO.createdBy,jdbcType=CHAR},
        #{agreementDTO.createdTimeStamp,jdbcType=VARCHAR}
        )
    </insert>


    <insert id="insertAgreementTermData">
        INSERT INTO DBO.AGREEMENT_TERMS_DATA

        (AGREEMENT_ID,
         DATA_SEQUENCE,
         AGREEMENT_DATA,
         CREATED_BY,
         CREATED_TS)
        VALUES (#{agreementId},
                #{agreementTermView.sequence},
                #{agreementTermView.data,jdbcType=VARCHAR},
                #{agreementTermView.createdBy,jdbcType=CHAR},
                #{agreementTermView.createdTimeStamp,jdbcType=VARCHAR})
    </insert>

    <select id="readGPAAgreement" resultMap="resultReadAgreement">
        SELECT A.AGREEMENT_ID,
               A.PRODUCT_ID,
               A.CUSTOMER_ID,
               A.AGREEMENT_STATUS,
               A.AGREEMENT_START_TS,
               A.AGREEMENT_END_TS,
               A.CREATED_BY,
               A.CREATED_TS,
               A.UPDATED_BY,
               A.UPDATED_TS,
               B.DATA_SEQUENCE,
               B.AGREEMENT_DATA,
               B.CREATED_BY AS
                               AGRTRM_CREATED_BY,
               B.CREATED_TS AS AGRTRM_CREATED_TS,
               B.UPDATED_BY AS
                               AGRTRM_UPDATED_BY,
               B.UPDATED_TS AS AGRTRM_UPDATED_TS

        FROM DBO.AGREEMENT A

                 LEFT JOIN
             DBO.AGREEMENT_TERMS_DATA B
             ON A.AGREEMENT_ID = B.AGREEMENT_ID
        WHERE A.AGREEMENT_ID = #{agreementId}
    </select>


    <update id="updateAgreement">
        UPDATE
        DBO.AGREEMENT


        SET
        AGREEMENT_STATUS=
        #{agreementDTO.status,jdbcType=CHAR},
        AGREEMENT_START_TS=
        #{agreementDTO.startDate,jdbcType=VARCHAR},
        AGREEMENT_END_TS=
        #{agreementDTO.endDate,jdbcType=VARCHAR},
        UPDATED_BY=
        #{agreementDTO.updatedBy,jdbcType=CHAR},
        UPDATED_TS=#{agreementDTO.updatedTimeStamp,jdbcType=VARCHAR}

        <trim prefix="WHERE">
            AGREEMENT_ID = #{agreementDTO.agreementId}
        </trim>

    </update>


    <update id="updateAgreementTermData">
        UPDATE
        DBO.AGREEMENT_TERMS_DATA


        SET
        AGREEMENT_DATA=
        #{agreementTermView.data,jdbcType=VARCHAR},
        UPDATED_BY=
        #{agreementTermView.updatedBy,jdbcType=VARCHAR},
        UPDATED_TS=#{agreementTermView.updatedTimeStamp,jdbcType=VARCHAR}
        <trim prefix="WHERE">
            AGREEMENT_ID = #{agreementId}
            AND DATA_SEQUENCE
            =#{agreementTermView.sequence}
        </trim>
    </update>

    <select id="getNoOfDataRecords" resultType="int">
        SELECT
        COUNT(DATA_SEQUENCE)
        FROM

        DBO.AGREEMENT_TERMS_DATA

        <trim prefix="WHERE">
            AGREEMENT_ID = #{agreementId}
        </trim>

    </select>

    <delete id="deleteAgreementTermData">
        DELETE FROM
        DBO.AGREEMENT_TERMS_DATA

        <trim prefix="WHERE">
            AGREEMENT_ID = #{agreementId}
            AND DATA_SEQUENCE
            =#{sequence}
        </trim>
    </delete>
    <!--<delete id="deleteAgreementTermData">
        DELETE FROM
        <choose>
            <when test='schemaName != null and schemaName=="UU01"'>
                UU01.TPS_AGMNT_TERM_DAT
            </when>
            <otherwise>
                QQ.TPS_AGMNT_TERM_DAT
            </otherwise>
        </choose>
        <trim prefix="WHERE">
            AGREEMENT_ID = #{agreementId}
            AND DATA_SEQUENCE
            =#{sequence}
        </trim>
    </delete>-->

</mapper>
